frame,track_id,center_x,center_y
2,1,122.16063996335663,425.6862493912472
3,1,125.9908464837205,426.1588828947522
4,1,130.18144964178464,426.22621934338247
5,1,132.3513989035905,425.66631501974246
6,1,135.4276662590736,425.29102350197314
7,1,138.28065149040512,425.2146100908923
10,1,144.23848145081308,424.94609020181184
11,1,146.77207486914358,424.86485364807004
12,1,147.58502309973807,423.6925053092514
13,1,148.4059022916209,423.862225988691
14,1,149.32467098263993,424.4695416568551
15,1,150.1490283343386,424.8160048515766
16,1,150.53151743917698,424.970192341299
17,1,150.66666629508478,425.5337543246039
18,1,152.15573888022368,425.60108148679234
19,1,150.59790101641073,426.487656953223
20,1,150.51592311275147,426.8248612168244
21,1,150.43001298762618,427.07471811305675
22,1,150.6419211637641,427.30468043426964
23,1,150.95334361004473,427.05370534652764
24,1,151.19075109005894,426.61588236388013
25,1,151.40216732054273,426.1453517133586
26,1,151.54144741400714,425.5060460418407
27,1,151.82632521419274,424.33703002629636
28,1,151.96173730111485,424.02415314197856
29,1,153.00078019563335,423.32585267298134
30,1,153.71237319294664,422.7180874056106
31,1,154.52114912525866,421.71577243713546
32,1,155.1814108629425,421.23199859950637
33,1,155.64714140109282,421.2736522403659
34,1,156.10012797444347,421.36734117356934
35,1,156.51002522297966,421.2113839754195
36,1,157.2566202659533,421.40950295015966
37,1,157.81836433922524,421.267082937001
38,1,158.74029707808717,421.4235527936079
39,1,159.5664362721093,421.11012269393365
40,1,160.00165708517062,421.1607588087623
41,1,160.1949807473924,421.29128211237014
42,1,160.62640946407276,421.73047159240764
43,1,160.67816787203824,421.6481523333441
44,1,161.1141460990742,422.2194228162737
45,1,161.46784383403482,423.5186200364909
46,1,161.75903385157244,424.49972502863994
47,1,162.0417554795029,425.0302591721343
48,1,162.7334283256314,425.73065697584104
49,1,163.35625327143057,426.26149580882645
50,1,163.9671103622339,426.2522538904592
51,1,164.38432230213596,426.50319546553897
52,1,164.90841525315048,426.92791561954675
53,1,165.76563681168642,427.18258381810233
54,1,167.23621574232666,428.1392208129803
55,1,168.78235323435985,428.19026965825435
56,1,170.30696817080903,427.92158976805086
57,1,172.25497580178256,427.872556074819
58,1,173.1986780467674,428.10503256792396
60,1,175.6634002909142,428.99359509043404
61,1,176.59044213675276,429.2505823413632
62,1,177.9203549237368,429.9419737560976
63,1,178.9502854779766,430.2594277840334
65,1,180.92425150298135,432.5804318417097
66,1,182.00786598524923,432.9627103847575
67,1,182.55449398993807,432.9710476105231
68,1,183.48864065142624,433.2952835989264
69,1,184.02288942429266,433.96115720851265
70,1,184.57400538429806,433.96512260652145
71,1,185.70149195358135,434.39700481685054
72,1,186.69094459112011,435.2222985641025
73,1,187.67861858688198,435.5545279860187
74,1,188.86411329748955,435.46324841789726
75,1,190.58831516491875,434.5890047811208
76,1,191.41173529160562,434.1593882706207
77,1,192.5211595049505,434.7206212805495
78,1,193.25884539624957,435.0638327793712
79,1,194.04679847272854,435.60915884784686
80,1,194.93096417113665,436.28238277067794
81,1,195.70074635787935,437.33985909954254
82,1,196.5503977711473,437.88136176475916
83,1,197.3933635781621,438.690761255428
84,1,198.27855405549371,438.76288468109817
85,1,198.64846048875896,438.88723634334144
86,1,198.81156597548082,438.8939104772503
87,1,198.78199393894442,439.34444011135264
88,1,198.75288766512034,439.6883399600221
89,1,198.55409567474322,439.7085609925624
4,2,278.6118455844784,300.15434512113995
5,2,280.74054857922386,300.11785188553284
6,2,283.66020919848916,299.4124869594311
7,2,285.8665906340575,299.17344661525476
8,2,288.47203807956157,299.1345449157742
9,2,290.7527061473229,298.9327606282801
10,2,292.23756923038474,299.11554282461213
11,2,293.90741294512384,299.0654912123885
12,2,294.86190302759036,298.4099526144422
13,2,295.5862062754394,298.102040473297
14,2,296.32316450222595,298.27428267584435
15,2,297.13233201869116,298.65502813706075
16,2,297.59950292799533,298.9587449442849
17,2,297.94970008993903,299.24276663639637
18,2,298.2859257616287,299.16040851752655
19,2,298.5584818906617,299.2423871507651
20,2,298.5734879898691,299.3473056344707
21,2,298.5776511731044,299.7295749265652
22,2,298.61153681357655,300.06420414209106
23,2,298.6008874997582,300.09831938636125
24,2,298.61324057553645,299.868743027015
25,2,298.6252588789389,299.30976416218914
26,2,298.63413391481845,298.4329213359167
27,2,298.7227290198051,297.6427947594814
28,2,298.68176507166845,297.3594881210448
29,2,298.69013490791536,296.3288825605868
30,2,298.7046723330248,295.31535547272676
31,2,298.67702684534936,294.79949416967776
32,2,298.6473071932214,294.3423090730597
33,2,298.6145614627777,294.09156259317103
34,2,298.5580843417406,293.7790191726491
35,2,298.5662533462789,293.5940684855167
36,2,298.5579099912235,293.4869630329913
37,2,298.52120665134953,293.55910663242724
38,2,298.4396453301922,293.6943291721293
39,2,298.1148509532843,293.75513663287154
40,2,297.8505725230616,293.9043018235124
41,2,297.5874724215954,294.01979549123456
42,2,297.3616855556571,294.07162223973415
43,2,297.1011797896333,294.1136439332
44,2,297.05723438918363,294.3586710069119
45,2,296.8731365706939,294.6527219126606
46,2,296.6873359838649,295.09014372903005
47,2,296.52682381928923,295.3950629383677
48,2,296.63146477978705,296.06212405331075
49,2,296.5164727322887,296.7961506977599
50,2,296.3530817103133,297.1799503631278
51,2,296.12256077901407,297.24830626554655
52,2,296.0047105170396,297.2111798754187
53,2,295.6053401918227,297.36535640221945
54,2,295.22061882057614,297.3630565982172
55,2,295.11061864990177,297.4263494493812
56,2,294.90201566166434,297.5942531436143
57,2,294.5764204243061,297.98929014504375
58,2,294.2124226711984,298.7521553590624
59,2,293.8525559040075,299.37023091379643
60,2,293.5501561136691,299.9601340684054
61,2,293.2738373659523,300.2788628929309
62,2,293.0424696124395,300.58762742500755
65,2,291.12894903634583,300.7085201501292
66,2,290.59604494474047,300.7995421470126
67,2,290.17018867751085,300.86903505936175
68,2,289.9008974595213,301.2559073485753
69,2,289.47415997100825,301.3749274681297
70,2,289.14660016907135,301.37003183093464
71,2,288.8431738279064,301.5816284114901
72,2,288.5828514204587,301.66364591879494
73,2,288.4232270396182,301.8320084248484
74,2,287.9230082797144,302.1436914054856
75,2,287.43574129874827,302.1999248873112
76,2,286.98700504275513,302.42322216249244
77,2,286.58506833630247,302.5101174163095
78,2,286.23606988492514,302.8041832130963
79,2,286.0697195962342,303.0120181842967
80,2,285.8441121270863,302.9987384323279
81,2,285.57953829108203,302.8241336001853
82,2,285.31100799126,302.99932132286654
83,2,284.9509703631252,303.1135648903993
84,2,284.78931130063216,303.02302750040553
85,2,284.331815322333,303.04579651881716
86,2,283.68475269856003,303.1621888735518
87,2,282.78958298075474,303.48219231539446
88,2,282.1324194040222,304.03793555798484
89,2,281.4388515430881,304.2561981332693
16,7,220.082252086609,293.8131248520177
17,7,220.00800917305287,293.9142311333736
18,7,219.72886438377765,294.0768742061809
19,7,219.25482723219488,294.0326127273954
20,7,218.9327244167173,293.9645876462272
21,7,218.39147938444512,293.9109450822686
22,7,218.01030669164453,294.1659062677852
23,7,217.584298609192,294.23635366956455
24,7,217.24619655575913,294.16797436327874
25,7,216.90298693295512,294.04767511004604
26,7,216.45733068224865,293.48092671573096
27,7,215.74561518922258,292.97978339679383
28,7,215.5121030828816,292.1433222320271
29,7,215.46524023645864,291.33449581717684
30,7,215.14778313330694,290.8206116302006
31,7,214.40845455629668,290.27902719135227
32,7,214.1071175004136,289.8255938137444
33,7,214.0168368423765,289.33068185097113
34,7,213.89622115120864,288.92222603070115
35,7,213.72754668206343,288.16056895081886
36,7,213.4730304792065,287.3900898365926
37,7,213.18853263748701,286.94430066846803
41,7,211.8013478505854,289.7988084563374
42,7,211.38419851973083,290.36768268497394
43,7,211.06715204863596,290.38578240392155
44,7,210.62657365508986,291.0035022547869
45,7,210.10927994783248,291.30182290500744
46,7,209.90263306292533,291.41089450952455
47,7,209.46168080257613,291.7132229785955
48,7,209.11649946720672,291.8361627320028
50,7,209.07322679861608,292.52896377299186
51,7,208.5211676504145,292.48256117245484
52,7,208.21155819483144,292.62722790676617
53,7,207.85844504265944,292.77937220683805
54,7,207.35119189816993,292.95095412070816
55,7,206.9945466342212,293.0986504625513
56,7,206.67223040397008,293.3258140604239
57,7,206.33641294835968,293.48311057442095
60,7,205.43733264873208,294.9304569732169
61,7,205.07553962146702,295.4427971794777
62,7,204.74635294319233,295.7257405842046
66,7,203.81957495878945,297.4300443452812
67,7,203.5285918414278,297.76907606825364
68,7,203.3785443568994,297.5955420617421
69,7,203.10260876591306,297.87984776420126
71,7,202.6077185518323,299.7723138649935
72,7,202.33754051415326,300.1903864068839
74,7,201.9779366760152,301.55534424844984
75,7,201.72506248170117,302.02404129862214
77,7,200.5915490274972,302.39947344109436
78,7,200.27763199203807,302.8135262359472
79,7,199.66539118120554,301.9475421638607
80,7,199.32098654211387,302.2307798515858
83,7,197.65912307576406,302.6416694639331
84,7,197.16004609687957,303.4107925209923
85,7,196.91759352832014,303.9773362180661
86,7,196.52407403004605,304.301592605273
87,7,195.99360881934803,304.8747759593623
88,7,195.50110309823194,305.18253250039595
89,7,195.13652406261602,305.65981777533136
21,8,72.85530549431112,338.1357194638485
22,8,73.19493711009548,338.65143657366
23,8,73.25075189931792,338.75792036730263
24,8,73.34068469542328,338.6738640671482
25,8,73.50261900243126,338.76879020480726
26,8,74.21247165531096,337.2126870646151
27,8,74.75647315583919,335.9371087480545
28,8,75.05274650335602,335.59283347845985
44,8,78.08780152283312,332.5366714333887
45,8,78.14187018994343,331.9166606467873
46,8,78.1874892167634,332.58144488252503
47,8,78.20968703333877,333.2181959372303
48,8,78.28589610982067,333.9371062641011
49,8,78.37831750337043,330.7303075775966
50,8,78.40263001228828,329.5602016190446
51,8,78.48001127676939,329.12319054652005
52,8,78.60586051413983,328.6783567648887
59,8,81.39125343366787,336.1813511402064
60,8,81.97381134589631,336.73475855626566
61,8,82.26515775458617,337.0401492337036
64,8,84.37534784400839,338.65984012483847
65,8,85.3887524059495,338.9045033908511
66,8,85.90517574541772,339.2789571837592
71,8,89.343010657668,341.1429832076766
72,8,89.98511513218733,341.8379208317175
73,8,90.48184268599664,342.23638940634464
74,8,91.20975260322624,342.37132245208863
75,8,91.85906448028695,342.3179609399235
76,8,92.303755385968,342.33504431301384
77,8,92.71088482424854,342.61541805320564
78,8,93.24770363855013,342.9690479401212
79,8,93.63179198946597,343.2976457709249
80,8,94.1088969366835,343.39223418627205
81,8,94.55651671118393,343.39915016157505
82,8,94.81934778924852,343.7693270254588
83,8,95.08599583607503,343.745241156428
84,8,95.1823532289664,343.13776921205175
85,8,95.13065448427282,343.4884158092816
86,8,95.35339553685125,343.553184958889
87,8,95.49575021713673,344.4332705007829
88,8,95.70569806738341,345.29928269215986
89,8,95.8981447430888,346.4724611249368
28,10,329.5791375876839,293.240038087927
29,10,329.567630390266,292.92906142935726
30,10,330.35246187552946,290.9113558647593
31,10,330.36783050857207,290.41719242312104
32,10,330.3075136668574,290.0366689285298
33,10,330.25196680802026,289.41413138660056
34,10,329.9069640401375,289.01300213548745
35,10,329.7768221668832,288.63255297924854
36,10,329.67813910820394,288.52553895840975
37,10,329.6477396840515,288.597824135581
38,10,329.62722122328586,288.1705685207303
44,10,327.84263487539397,290.83969505005007
45,10,327.35032347001953,291.19243136227
46,10,326.91584679326706,291.3655259878026
47,10,326.6168202765455,291.5458991997407
48,10,326.38463435770745,291.6272841339012
53,10,325.89104891489734,293.6848898745832
54,10,325.7179650317527,293.9124641644288
60,10,324.70955864578866,295.54162329447934
61,10,324.5388357720793,295.7898850816209
68,10,321.2990848153786,297.03322067499226
69,10,320.5872071826424,297.1297145036141
70,10,320.20372255498603,297.14672980990565
71,10,319.7369954789704,297.30484647013986
72,10,319.0812942821475,297.49459856723286
73,10,318.6713209671839,297.67312311608356
81,10,310.94275346274355,300.53255088640924
82,10,310.19831814859333,300.8186762612246
86,10,307.59630447658776,301.34253814457793
87,10,306.62297947607715,301.6336208208279
88,10,305.88538855169804,301.8698659961768
36,12,230.66077073967284,247.1081715419901
37,12,230.02576089521023,247.53940481969295
38,12,228.29282822538303,247.6871616820393
39,12,226.2889987487692,247.9664328406863
40,12,225.14409260059142,247.9501945244574
41,12,223.29826810701323,247.82703107933688
42,12,221.63563952129255,247.9387444730801
43,12,220.28490724125464,248.0359419208089
44,12,218.44629952315262,248.03884522463972
45,12,217.0326386471035,248.12388014557456
46,13,246.08012852330918,228.35852278437451
47,13,246.0748172344592,228.6469575184314
48,13,246.06844504430214,228.85203832103616
49,13,246.05141765353952,229.04525511826313
